<?xml version="1.0" encoding="UTF-8"?>
<preferences>
 <debug showDebugMenu="0" />
 <systemtable>
  <columns>
   <connections preferredWidth="127" />
   <irq preferredWidth="34" />
   <name preferredWidth="199" />
  </columns>
 </systemtable>
 <clocktable>
  <columns>
   <clockname preferredWidth="134" />
   <clocksource preferredWidth="133" />
   <frequency preferredWidth="114" />
  </columns>
 </clocktable>
 <window width="699" height="744" x="675" y="-8" />
 <library
   expandedCategories="Library/Peripherals/Microcontroller Peripherals,Library,Project,Library/Peripherals" />
</preferences>
